year,month,day,ignore,cmt0.25,cmt2,cmt3,cmt5,cmt7,cmt10
1988,1,8,1,6.75,7.9200001,8.1599998,8.4799995,8.8000002,8.9700003
1988,1,15,1,6.75,7.6100001,7.8299999,8.1300001,8.4200001,8.6000004
1988,1,22,1,6.6999998,7.5100002,7.73,8.0100002,8.29,8.4899998
1988,1,29,1,6.5999999,7.2199998,7.48,7.7600002,8.0600004,8.2600002
1988,2,5,1,6.4000001,7.0999999,7.3200002,7.6399999,7.9499998,8.1199999
1988,2,12,1,6.4000001,7.2199998,7.4200001,7.77,8.0900002,8.2799997
1988,2,19,1,6.4000001,7.21,7.3899999,7.77,8.0799999,8.2600002
1988,2,26,1,6.4000001,7.1599998,7.3499999,7.6700001,7.9699998,8.1800003
1988,3,4,1,6.3499999,7.1999998,7.4499998,7.7399998,8.0600004,8.2799997
1988,3,11,1,6.4000001,7.1999998,7.4299998,7.7600002,8.1099997,8.29
1988,3,18,1,6.4000001,7.23,7.46,7.8099999,8.2299995,8.4099998
1988,3,25,1,6.4499998,7.4099998,7.6100001,7.9499998,8.3100004,8.4700003
1988,4,1,1,6.4499998,7.4099998,7.6599998,8.04,8.3999996,8.5699997
1988,4,8,1,6.625,7.4699998,7.6900001,8.0500002,8.3699999,8.5200005
1988,4,15,1,6.5999999,7.5999999,7.8499999,8.1999998,8.5299997,8.7399998
1988,4,22,2,6.6999998,7.6399999,7.8699999,8.2299995,8.5600004,8.7799997
1988,5,6,1,6.8499999,7.8699999,8.1700001,8.4799995,8.79,9.0100002
1988,5,13,1,7.0500002,7.9000001,8.1400003,8.5100002,8.8199997,9
1988,5,20,1,7.0999999,8.0799999,8.3199997,8.6999998,9.0200005,9.2200003
1988,5,27,1,7.3499999,8.2299995,8.46,8.75,9.0600004,9.2399998
1988,6,3,1,7.3000002,8.0600004,8.2399998,8.5200005,8.8100004,8.9700003
1988,6,10,1,7.25,7.9899998,8.1800003,8.4700003,8.7700005,8.9200001
1988,6,17,1,7.3000002,8.1000004,8.3000002,8.5799999,8.8800001,9.0200005
1988,6,24,1,7.3499999,8.0299997,8.21,8.4499998,8.7200003,8.8500004
1988,7,1,1,7.3499999,7.98,8.1400003,8.3800001,8.6499996,8.7700005
1988,7,8,1,7.5,8.25,8.4099998,8.6400003,8.9200001,9.04
1988,7,15,1,7.75,8.3100004,8.46,8.6700001,8.9200001,9.0799999
1988,7,22,1,7.9000001,8.3500004,8.5,8.71,8.96,9.1099997
1988,7,29,1,7.9000001,8.3900003,8.5699997,8.75,8.9799995,9.1199999
1988,8,5,1,7.75,8.4700003,8.6199999,8.7799997,8.9799995,9.1199999
1988,8,12,1,8.1999998,8.6800003,8.8199997,9.0299997,9.2299995,9.3599997
1988,8,19,1,8.1499996,8.7399998,8.8599997,9.0500002,9.21,9.3500004
1988,8,26,1,8.1999998,8.7799997,8.9200001,9.0699997,9.2600002,9.3800001
1988,9,2,1,8.1000004,8.4499998,8.5799999,8.6999998,8.8699999,9
1988,9,9,1,8,8.4200001,8.5200005,8.6199999,8.8199997,8.9300003
1988,9,16,1,8,8.3999996,8.5299997,8.6499996,8.8199997,8.9300003
1988,9,23,1,7.9499998,8.4700003,8.5600004,8.6899996,8.8599997,8.9700003
1988,9,30,1,8.1000004,8.4300003,8.5200005,8.6099997,8.7799997,8.8699999
1988,10,7,1,8.1999998,8.2600002,8.3400002,8.4300003,8.6099997,8.6999998
1988,10,14,1,8.1999998,8.3299999,8.4300003,8.5200005,8.6999998,8.8100004
1988,10,21,1,8.25,8.3999996,8.46,8.54,8.7200003,8.8299999
1988,10,28,1,8.25,8.2700005,8.3500004,8.3999996,8.5699997,8.6899996
1988,11,4,1,8.25,8.3900003,8.5200005,8.5799999,8.71,8.8500004
1988,11,11,1,8.3500004,8.6000004,8.6400003,8.7200003,8.8400002,8.8999996
1988,11,18,1,8.6000004,8.7700005,8.8299999,8.9099998,8.9899998,9.0500002
1988,11,25,1,8.6999998,8.9799995,9.0299997,9.0699997,9.1400003,9.1700001
1988,12,2,1,8.8999996,9.1199999,9.1300001,9.1099997,9.1700001,9.1800003
1988,12,9,1,8.8999996,9.0299997,9.0500002,9.0500002,9.1000004,9.0699997
1988,12,16,1,9,9.1800003,9.1999998,9.1800003,9.1999998,9.1700001
1988,12,23,1,8.9499998,9.04,9.1099997,9.0799999,9.1099997,9.0500002
1988,12,30,1,8.8500004,9.1400003,9.1800003,9.1400003,9.1800003,9.1400003
1989,1,6,1,8.8950005,9.3199997,9.3500004,9.3000002,9.3199997,9.25
1989,1,13,1,9,9.1400003,9.1499996,9.1000004,9.1000004,9.0600004
1989,1,20,1,9,9.1300001,9.1499996,9.1099997,9.0699997,9.0299997
1989,1,27,1,8.9499998,9.0699997,9.0900002,9.0299997,9,8.9499998
1989,2,3,1,9.0500002,9.2299995,9.1899996,9.1000004,9.0600004,9.0100002
1989,2,10,1,9.1999998,9.3699999,9.3599997,9.2799997,9.25,9.1899996
1989,2,17,1,9.3000002,9.3699999,9.3100004,9.3199997,9.2600002,9.1999998
1989,2,24,1,9.6499996,9.6599998,9.5100002,9.4899998,9.4499998,9.3800001
1989,3,3,1,9.75,9.5,9.3999996,9.3800001,9.3500004,9.3100004
1989,3,10,1,9.75,9.6599998,9.6000004,9.4799995,9.3999996,9.3400002
1989,3,17,1,10.1499996,9.8400002,9.7600002,9.6400003,9.5699997,9.4899998
1989,3,24,1,10,9.8100004,9.7600002,9.6499996,9.5299997,9.4300003
1989,3,31,1,9.9499998,9.7299995,9.6599998,9.5299997,9.3999996,9.3000002
1989,4,7,1,9.8500004,9.5699997,9.54,9.4200001,9.3800001,9.2700005
1989,4,14,1,9.6999998,9.4300003,9.3999996,9.29,9.25,9.1800003
1989,4,21,1,9.6999998,9.4399996,9.3699999,9.2700005,9.21,9.1499996
1989,4,28,1,9.6000004,9.2200003,9.1499996,9.0600004,9.04,9.0200005
1989,5,5,1,9.5500002,9.04,9.04,8.96,8.96,8.9899998
1989,5,12,1,9.3000002,8.8199997,8.8100004,8.8000002,8.8100004,8.8100004
1989,5,19,1,9.3500004,8.9399996,8.8900003,8.8199997,8.75,8.71
1989,5,26,1,9.3500004,8.8900003,8.8599997,8.7200003,8.71,8.6599998
1989,6,2,1,9.1499996,8.5200005,8.4700003,8.4200001,8.4499998,8.4300003
1989,6,9,1,8.9499998,8.2799997,8.2299995,8.1599998,8.1700001,8.1499996
1989,6,16,1,9.1000004,8.5299997,8.4799995,8.3999996,8.3800001,8.3500004
1989,6,23,1,9.1000004,8.3900003,8.3400002,8.2700005,8.29,8.25
1989,6,30,1,8.8999996,8.0799999,8.0500002,8.0299997,8.1000004,8.1000004
1989,7,7,1,8.6999998,7.8299999,7.8499999,7.8600001,8,8.0200005
1989,7,14,1,8.5500002,7.8299999,7.8099999,7.8400002,7.9200001,8.04
1989,7,21,1,8.5,7.9099998,7.9099998,7.8899999,7.9699998,8.0699997
1989,7,28,1,8.4799995,7.5599999,7.6199999,7.5999999,7.7199998,7.8699999
1989,8,4,1,8.3999996,7.9200001,7.98,7.9400001,7.9499998,8
1989,8,11,1,8.4499998,8.1199999,8.1000004,8.1000004,8.0799999,8.0900002
1989,8,18,1,8.6000004,8.2600002,8.2399998,8.1999998,8.1700001,8.1499996
1989,8,25,1,8.6499996,8.3400002,8.3199997,8.2299995,8.2399998,8.21
1989,9,1,1,8.6499996,8.3699999,8.3199997,8.1800003,8.2299995,8.1899996
1989,9,8,1,8.6999998,8.2700005,8.2299995,8.1400003,8.1899996,8.1400003
1989,9,15,1,8.5500002,8.0600004,8.0299997,8.0100002,8.0900002,8.0900002
1989,9,22,1,8.6000004,8.3400002,8.2700005,8.1999998,8.2600002,8.2200003
1989,9,29,1,8.6999998,8.46,8.46,8.3599997,8.3999996,8.3100004
1989,10,6,1,8.6499996,8.1000004,8.0799999,8.0100002,8.0799999,8.0299997
1989,10,13,1,8.5,7.6900001,7.79,7.79,7.8499999,7.8699999
1989,10,20,1,8.3999996,7.9200001,7.96,7.9299998,7.98,7.98
1989,10,27,1,8.3500004,7.8699999,7.9200001,7.8699999,7.9499998,7.9400001
1989,11,3,1,8.4499998,8.0100002,8.0200005,7.9299998,7.9499998,7.96
1989,11,10,1,8.3000002,7.8299999,7.8200002,7.8499999,7.8800001,7.9200001
1989,11,17,1,8.1499996,7.77,7.75,7.8200002,7.8699999,7.8800001
1989,11,24,1,8.0500002,7.6399999,7.6300001,7.6999998,7.7600002,7.8000002
1989,12,1,1,8.1499996,7.6999998,7.6999998,7.6999998,7.79,7.8099999
1989,12,8,1,8.1999998,7.7800002,7.77,7.73,7.8299999,7.8200002
1989,12,15,1,8.1999998,7.75,7.6999998,7.6999998,7.8200002,7.8000002
1989,12,22,1,8.1000004,7.7399998,7.77,7.75,7.8600001,7.8200002
1989,12,29,1,8.1499996,7.8699999,7.8699999,7.8600001,7.9699998,7.9299998
1990,1,5,1,8.0500002,7.9000001,7.9400001,7.9200001,8.0299997,7.9899998
1990,1,12,1,7.9499998,7.9299998,7.98,7.9899998,8.0699997,8.1000004
1990,1,19,1,8.1499996,8.1999998,8.2299995,8.1999998,8.2399998,8.2600002
1990,1,26,1,8.1000004,8.2799997,8.3800001,8.3800001,8.4499998,8.4899998
1990,2,2,1,8.1000004,8.3699999,8.4300003,8.4200001,8.46,8.5
1990,2,9,1,8.1000004,8.25,8.2399998,8.29,8.3400002,8.3100004
1990,2,16,1,8.1000004,8.3599997,8.3400002,8.4099998,8.4300003,8.4200001
1990,2,23,1,8.1000004,8.4300003,8.4499998,8.4700003,8.5600004,8.5299997
1990,3,2,1,8.1499996,8.4799995,8.5,8.5,8.5699997,8.54
1990,3,9,1,8.1499996,8.7299995,8.71,8.6800003,8.71,8.6499996
1990,3,16,1,8.1999998,8.6400003,8.6199999,8.6099997,8.6400003,8.5900002
1990,3,23,1,8.1999998,8.6099997,8.5900002,8.54,8.5900002,8.5200005
1990,3,30,1,8.1999998,8.6400003,8.6899996,8.6499996,8.6999998,8.6499996
1990,4,6,1,8.1999998,8.5200005,8.5799999,8.5500002,8.6099997,8.5600004
1990,4,13,1,8.1499996,8.5699997,8.6300001,8.6199999,8.6499996,8.6400003
1990,4,20,1,8.1999998,8.8199997,8.8800001,8.8800001,8.9499998,8.9499998
1990,4,27,1,8.3500004,8.9799995,9.0699997,9.0600004,9.0900002,9.0600004
1990,5,4,1,8.1999998,8.6999998,8.7700005,8.8000002,8.8299999,8.8400002
1990,5,11,1,8.1499996,8.5500002,8.5799999,8.6400003,8.6800003,8.6400003
1990,5,18,1,8.1000004,8.6300001,8.6899996,8.7399998,8.79,8.75
1990,5,25,1,8.1000004,8.5299997,8.5900002,8.6099997,8.71,8.6899996
1990,6,1,1,8,8.3299999,8.3599997,8.3800001,8.4700003,8.4399996
1990,6,8,1,8,8.3299999,8.3800001,8.4200001,8.5100002,8.46
1990,6,15,1,8,8.3299999,8.3699999,8.4099998,8.4899998,8.46
1990,6,22,1,8.0500002,8.3999996,8.4300003,8.46,8.5500002,8.5100002
1990,6,29,1,8.0500002,8.2399998,8.3199997,8.3500004,8.46,8.4300003
1990,7,6,1,8.0500002,8.3199997,8.4099998,8.4399996,8.5600004,8.5100002
1990,7,13,1,8.0500002,8.1300001,8.25,8.3199997,8.4300003,8.4499998
1990,7,20,1,7.9000001,8.0799999,8.1800003,8.2799997,8.4300003,8.4799995
1990,7,27,1,7.8499999,8,8.1499996,8.25,8.3599997,8.4200001
1990,8,3,1,7.5999999,7.79,7.98,8.1099997,8.3199997,8.4300003
1990,8,10,1,7.75,7.9499998,8.1199999,8.3500004,8.5799999,8.6800003
1990,8,17,1,7.8000002,8.1099997,8.2700005,8.4899998,8.6800003,8.8000002
1990,8,24,1,7.9000001,8.3199997,8.5,8.75,8.9399996,9.0500002
1990,8,31,1,7.75,8.0699997,8.2600002,8.5,8.7700005,8.8599997
1990,9,7,1,7.75,8.04,8.2200003,8.4499998,8.7200003,8.8100004
1990,9,14,1,7.8000002,8.0299997,8.2299995,8.4799995,8.75,8.8699999
1990,9,21,1,7.9000001,8.1199999,8.3100004,8.5799999,8.8699999,8.9899998
1990,9,28,1,7.8499999,8.0200005,8.1899996,8.4700003,8.7299995,8.8199997
1990,10,5,1,7.8000002,7.8099999,8,8.2700005,8.54,8.6499996
1990,10,12,1,7.8000002,7.9400001,8.1599998,8.4399996,8.6999998,8.8400002
1990,10,19,1,7.8000002,7.8499999,8.0200005,8.25,8.4899998,8.6199999
1990,10,26,1,7.75,7.8000002,7.9699998,8.2299995,8.4799995,8.6300001
1990,11,2,1,7.6999998,7.6799998,7.8800001,8.1599998,8.4200001,8.5699997
1990,11,9,1,7.6500001,7.6100001,7.75,8.1000004,8.3599997,8.4899998
1990,11,16,1,7.5,7.5799999,7.6900001,7.96,8.1999998,8.3000002
1990,11,23,1,7.5500002,7.5300002,7.6300001,7.9200001,8.1599998,8.2799997
1990,11,30,1,7.5999999,7.5300002,7.6700001,7.9099998,8.1800003,8.2600002
1990,12,7,1,7.3000002,7.3299999,7.4499998,7.6700001,7.96,8.0299997
1990,12,14,1,7.1999998,7.3499999,7.4699998,7.7399998,7.9699998,8.0500002
1990,12,21,1,7,7.3000002,7.46,7.75,8.0299997,8.1099997
1990,12,28,1,7.0500002,7.25,7.48,7.7800002,8.0799999,8.1400003
1991,1,4,1,6.9499998,7.1700001,7.3699999,7.6500001,7.9400001,8.0200005
1991,1,11,1,6.75,7.1399999,7.4000001,7.79,8.0600004,8.1999998
1991,1,18,1,6.8000002,7.1399999,7.3800001,7.6799998,7.9200001,8.0299997
1991,1,25,1,6.5999999,7.0999999,7.3600001,7.6700001,7.9299998,8.0600004
1991,2,1,1,6.3499999,6.8299999,7.0999999,7.4499998,7.75,7.9099998
1991,2,8,1,6.27,6.8000002,6.9899998,7.4000001,7.6599998,7.77
1991,2,15,1,6.1999998,6.8200002,7.02,7.4099998,7.6700001,7.7800002
1991,2,22,1,6.25,6.98,7.21,7.5700002,7.8200002,7.9099998
1991,3,1,1,6.3000002,7.1799998,7.4099998,7.7800002,8,8.1199999
1991,3,8,1,6.3000002,7.0799999,7.3499999,7.77,8.0100002,8.1300001
1991,3,15,1,6.0999999,7.0100002,7.2600002,7.73,7.98,8.1000004
1991,3,22,1,6.0999999,7.1300001,7.3899999,7.8200002,8.0299997,8.1300001
1991,3,29,1,6.0500002,7.02,7.3000002,7.73,7.96,8.0500002
1991,4,5,1,5.8499999,6.96,7.1999998,7.6500001,7.8899999,7.9899998
1991,4,12,1,5.75,6.8800001,7.1799998,7.6399999,7.8600001,7.98
1991,4,19,1,5.9000001,7.0300002,7.27,7.8000002,7.9899998,8.1000004
1991,4,26,1,5.875,6.8899999,7.23,7.6799998,7.9299998,8.0600004
1991,5,3,1,5.75,6.8000002,7.1599998,7.6700001,7.9099998,8.04
1991,5,10,1,5.75,6.8699999,7.1700001,7.7600002,8,8.1199999
1991,5,17,1,5.8000002,6.8600001,7.1399999,7.77,7.98,8.0799999
1991,5,24,1,5.8000002,6.6900001,7.0999999,7.6799998,7.9699998,8.1000004
1991,5,31,1,5.8000002,6.6799998,7.0999999,7.6900001,7.9200001,8.0600004
1991,6,7,1,5.8000002,6.98,7.4299998,7.96,8.1800003,8.29
1991,6,14,1,5.8499999,7.02,7.4299998,7.9400001,8.1700001,8.29
1991,6,21,1,5.9000001,6.9400001,7.4099998,7.9499998,8.1999998,8.3199997
1991,6,28,1,5.8000002,6.9000001,7.3299999,7.9000001,8.1400003,8.2399998
1991,7,5,1,5.8000002,7.04,7.48,8.0100002,8.2299995,8.3400002
1991,7,12,1,5.8000002,6.8800001,7.3600001,7.9000001,8.1300001,8.2600002
1991,7,19,1,5.8000002,6.8899999,7.3699999,7.9099998,8.1499996,8.2799997
1991,7,26,1,5.8499999,6.8499999,7.3000002,7.8200002,8.0600004,8.1999998
1991,8,2,1,5.8000002,6.6900001,7.0599999,7.6199999,7.9000001,8.0600004
1991,8,9,1,5.52,6.4899998,6.8600001,7.5100002,7.8200002,7.98
1991,8,16,1,5.5700002,6.3099999,6.6900001,7.3299999,7.6599998,7.8400002
1991,8,23,1,5.4499998,6.46,6.7800002,7.3899999,7.71,7.8800001
1991,8,30,1,5.4299998,6.3600001,6.6799998,7.3400002,7.6700001,7.8200002
1991,9,6,1,5.4299998,6.2600002,6.6199999,7.2399998,7.5999999,7.7600002
1991,9,13,1,5.3000002,6.1799998,6.5100002,7.1300001,7.48,7.6599998
1991,9,20,1,5.3499999,6.1799998,6.4400001,7.0900002,7.4000001,7.5700002
1991,9,27,1,5.3499999,6.02,6.3099999,6.9499998,7.3099999,7.4899998
1991,10,4,1,5.3000002,5.9099998,6.1999998,6.8099999,7.1799998,7.3899999
1991,10,11,1,5.1500001,5.9099998,6.2199998,6.8400002,7.1900001,7.4899998
1991,10,18,1,5.1999998,5.9499998,6.2399998,6.8800001,7.2199998,7.5300002
1991,10,25,1,5.1999998,5.9299998,6.2800002,6.96,7.3600001,7.6799998
1991,11,1,1,5.0799999,5.6500001,6.02,6.71,7.1599998,7.48
1991,11,8,1,4.8000002,5.6300001,5.96,6.6599998,7.0799999,7.4099998
1991,11,15,1,4.8499999,5.54,5.8800001,6.5799999,6.9899998,7.3299999
1991,11,22,1,4.8800001,5.4899998,5.8200002,6.5599999,7.02,7.4400001
1991,11,29,1,4.8800001,5.3800001,5.7600002,6.48,6.9899998,7.3800001
1991,12,6,1,4.4499998,5.1900001,5.5799999,6.3099999,6.8099999,7.2600002
1991,12,13,1,4.4000001,5.0900002,5.46,6.3000002,6.79,7.2199998
1991,12,20,1,4,4.8000002,5.1999998,6.02,6.5900002,6.9699998
1991,12,27,1,3.9000001,4.8499999,5.1500001,6,6.5,6.8200002
1992,1,3,1,4,4.8000002,5.1900001,6.0500002,6.54,6.8499999
1992,1,10,1,3.8199999,4.8499999,5.2199998,6.0999999,6.54,6.8499999
1992,1,17,1,3.9000001,5.02,5.46,6.3600001,6.8099999,7.0900002
1992,1,24,1,3.9000001,5.1300001,5.6199999,6.4000001,6.8899999,7.25
1992,1,31,1,3.95,5.1100001,5.6500001,6.4400001,6.9200001,7.3099999
1992,2,7,1,3.8,4.9699998,5.5100002,6.4000001,6.8000002,7.1999998
1992,2,14,1,3.8800001,5.25,5.7600002,6.6300001,6.98,7.3899999
1992,2,21,1,3.95,5.46,5.9299998,6.77,7.0999999,7.4499998
1992,2,28,1,4,5.27,5.75,6.5799999,6.9499998,7.27
1992,3,6,1,4.0500002,5.5999999,6.0500002,6.8499999,7.1799998,7.48
1992,3,13,1,4.0500002,5.8600001,6.3699999,7.1399999,7.4400001,7.71
1992,3,20,1,4.0500002,5.8600001,6.3600001,7.1199999,7.3800001,7.6399999
1992,3,27,1,4.0500002,5.6799998,6.2199998,6.9699998,7.27,7.54
1992,4,3,1,4.0500002,5.3699999,5.9299998,6.7600002,7.1300001,7.4200001
1992,4,10,1,3.8,5.1599998,5.7199998,6.6199999,7.0300002,7.3699999
1992,4,17,1,3.6500001,5.3400002,5.9000001,6.7600002,7.1100001,7.4499998
1992,4,24,1,3.75,5.3299999,5.9899998,6.8499999,7.21,7.5500002
1992,5,1,1,3.75,5.3299999,5.9699998,6.8200002,7.1999998,7.5599999
1992,5,8,1,3.7,5.29,5.8800001,6.73,7.0900002,7.4099998
1992,5,15,1,3.7,5.1100001,5.6999998,6.5999999,6.96,7.2800002
1992,5,22,1,3.7,5.2399998,5.8099999,6.6900001,7.0500002,7.3499999
1992,5,29,1,3.8,5.1900001,5.75,6.6100001,7,7.3299999
1992,6,5,1,3.75,5.1300001,5.6999998,6.5500002,6.96,7.3099999
1992,6,12,1,3.7,5.0599999,5.6100001,6.4899998,6.9400001,7.29
1992,6,19,1,3.72,5,5.54,6.4499998,6.8699999,7.2399998
1992,6,26,1,3.6800001,4.8800001,5.4200001,6.3299999,6.7800002,7.1500001
1992,7,3,1,3.4000001,4.5500002,5.1500001,6.02,6.5300002,6.9299998
1992,7,10,1,3.25,4.3800001,4.9499998,5.9200001,6.4299998,6.9299998
1992,7,17,1,3.25,4.27,4.8299999,5.8200002,6.3800001,6.9000001
1992,7,24,1,3.25,4.25,4.77,5.6599998,6.1999998,6.73
1992,7,31,1,3.23,4.4200001,4.9699998,5.8400002,6.27,6.7199998
1992,8,7,1,3.23,4.1799998,4.71,5.5599999,6.0799999,6.5700002
1992,8,14,1,3.23,4.1399999,4.6700001,5.54,6.0599999,6.5300002
1992,8,21,1,3.23,4.1300001,4.6300001,5.54,6.0799999,6.5300002
1992,8,28,1,3.25,4.1599998,4.7199998,5.5999999,6.1799998,6.6300001
1992,9,4,1,2.9000001,3.8900001,4.3800001,5.3000002,5.9000001,6.4000001
1992,9,11,1,2.9000001,3.8699999,4.3899999,5.3299999,5.9099998,6.3699999
1992,9,18,1,2.95,3.8599999,4.4000001,5.4099998,5.9699998,6.4099998
1992,9,25,1,2.95,3.78,4.3099999,5.3299999,5.96,6.4099998
1992,10,2,1,2.9000001,3.71,4.1999998,5.2199998,5.8400002,6.2600002
1992,10,9,1,2.95,4,4.5,5.5,6.0799999,6.52
1992,10,16,1,3.05,4.04,4.5999999,5.5700002,6.1199999,6.5999999
1992,10,23,1,3.1500001,4.3699999,4.98,5.9099998,6.4099998,6.8299999
1992,10,30,1,3.1500001,4.4000001,4.98,5.9000001,6.3600001,6.8000002
1992,11,6,1,3,4.48,5.0700002,6.02,6.54,6.9699998
1992,11,13,1,3.1300001,4.54,5.0900002,5.9899998,6.4400001,6.8200002
1992,11,20,1,3.3499999,4.6599998,5.1999998,6.0799999,6.48,6.8400002
1992,11,27,1,3.3499999,4.77,5.3600001,6.2199998,6.5999999,6.9299998
1992,12,4,1,3.3499999,4.6999998,5.27,6.1100001,6.5100002,6.8400002
1992,12,11,1,3.25,4.7800002,5.29,6.0999999,6.48,6.8000002
1992,12,18,1,3.25,4.6599998,5.1999998,6.0700002,6.4400001,6.7600002
1992,12,25,1,3.25,4.5999999,5.1300001,6.02,6.4000001,6.6900001
1993,1,1,1,3.2,4.5599999,5.1199999,6.04,6.4299998,6.6999998
1993,1,8,1,3.2,4.5,5.0599999,5.9699998,6.4400001,6.75
1993,1,15,1,3.0999999,4.3099999,4.8800001,5.8000002,6.2399998,6.5999999
1993,1,22,1,3.05,4.3000002,4.8499999,5.77,6.1799998,6.5700002
1993,1,29,1,3.05,4.1999998,4.7199998,5.5700002,6,6.3899999
1993,2,5,1,3.05,4.0700002,4.5799999,5.4200001,5.8800001,6.3200002
1993,2,12,1,3.05,4.1999998,4.6999998,5.5700002,6,6.3499999
1993,2,19,1,3.05,3.99,4.4400001,5.3000002,5.7600002,6.1500001
1993,2,26,1,3.05,3.9200001,4.3699999,5.21,5.6700001,6.0300002
1993,3,5,1,3.0999999,3.9100001,4.3699999,5.1399999,5.5599999,5.9000001
1993,3,12,1,3.05,4.1100001,4.5599999,5.3499999,5.8000002,6.1100001
1993,3,19,1,3.05,3.95,4.3800001,5.1700001,5.6500001,5.9499998
1993,3,26,1,3,4.02,4.5,5.3200002,5.7800002,6.0900002
1993,4,2,1,3.05,3.99,4.48,5.3099999,5.8299999,6.1599998
1993,4,9,1,3.05,3.8499999,4.3000002,5.1300001,5.6199999,5.9699998
1993,4,16,1,3,3.8,4.2600002,5.0799999,5.5100002,5.8899999
1993,4,23,1,3.02,3.75,4.21,5.0599999,5.4899998,5.8899999
1993,4,30,1,2.98,3.8299999,4.3000002,5.1399999,5.6300001,6.0500002
1993,5,7,1,3,3.79,4.25,5.04,5.5700002,5.9200001
1993,5,14,1,3,3.97,4.3800001,5.21,5.6700001,6.0300002
1993,5,21,1,3,4.1399999,4.5300002,5.3400002,5.7800002,6.1599998
1993,5,28,1,3.05,4.2399998,4.6300001,5.3699999,5.8000002,6.1599998
1993,6,4,1,3.05,4.3099999,4.6700001,5.3600001,5.75,6.1100001
1993,6,11,1,3.1500001,4.1500001,4.5300002,5.2199998,5.6100001,5.9699998
1993,6,18,1,3.0999999,4.1199999,4.48,5.1999998,5.5700002,5.9299998
1993,6,25,1,3.2,4.0999999,4.4499998,5.1300001,5.5100002,5.8400002
1993,7,2,1,3.05,3.9300001,4.3099999,4.98,5.4200001,5.7600002
1993,7,9,1,3.05,3.98,4.3400002,5,5.4200001,5.7600002
1993,7,16,1,3.0699999,3.99,4.3400002,4.9899998,5.3600001,5.71
1993,7,23,1,3.0999999,4.25,4.6199999,5.2800002,5.6599998,5.9499998
1993,7,30,1,3.1400001,4.1300001,4.5,5.1599998,5.5,5.8299999
1993,8,6,1,3.1300001,4.0900002,4.48,5.1599998,5.52,5.8600001
1993,8,13,1,3.1400001,4,4.3800001,5.0799999,5.4099998,5.7199998
1993,8,20,1,3.1300001,3.9300001,4.29,4.96,5.2800002,5.6100001
1993,8,27,1,3.0999999,3.8699999,4.1999998,4.8299999,5.1300001,5.48
1993,9,3,1,3.0799999,3.71,4.04,4.6500001,5.0100002,5.3099999
1993,9,10,1,3.0799999,3.8,4.1100001,4.6700001,5.0100002,5.29
1993,9,17,1,3.0899999,3.8900001,4.1900001,4.75,5.1100001,5.3800001
1993,9,24,1,3.0799999,3.9000001,4.2199998,4.8099999,5.1399999,5.4200001
1993,10,1,1,3.04,3.8399999,4.1799998,4.7199998,5.0300002,5.3400002
1993,10,8,1,3.0899999,3.78,4.0900002,4.6100001,4.96,5.2600002
1993,10,15,1,3.0799999,3.8099999,4.0599999,4.5700002,4.9000001,5.1900001
1993,10,22,1,3.0999999,3.9100001,4.23,4.7600002,5.1500001,5.4200001
1993,10,29,1,3.1500001,3.99,4.3000002,4.8299999,5.1900001,5.4299998
1993,11,5,1,3.1300001,4.1999998,4.5300002,5.1100001,5.5,5.75
1993,11,12,1,3.1300001,4.1100001,4.4499998,5.02,5.3899999,5.6599998
1993,11,19,1,3.2,4.2199998,4.5799999,5.1599998,5.54,5.8400002
1993,11,26,1,3.1800001,4.1599998,4.52,5.0799999,5.4899998,5.7800002
1993,12,3,1,3.2,4.2399998,4.5900002,5.1599998,5.52,5.8000002
1993,12,10,1,3.1600001,4.21,4.5300002,5.1300001,5.4499998,5.73
1993,12,17,1,3.1500001,4.1999998,4.54,5.1700001,5.52,5.8099999
1993,12,24,1,3.1800001,4.1799998,4.4899998,5.0999999,5.4200001,5.7199998
1993,12,31,1,3.0999999,4.25,4.5799999,5.21,5.5300002,5.8299999
1994,1,7,1,3.2,4.0900002,4.4299998,5.0300002,5.3899999,5.6999998
1994,1,14,1,3.0799999,4.1700001,4.5100002,5.1199999,5.46,5.7800002
1994,1,21,1,3.0599999,4.0900002,4.4400001,5.0500002,5.3899999,5.73
1994,1,28,1,3.0699999,4.0799999,4.4000001,4.9899998,5.3000002,5.6799998
1994,2,4,1,3.1500001,4.4200001,4.75,5.3200002,5.6199999,5.9400001
1994,2,11,1,3.4000001,4.4400001,4.8000002,5.3400002,5.6599998,5.8800001
1994,2,18,1,3.3599999,4.5700002,4.9400001,5.52,5.8699999,6.0900002
1994,2,25,1,3.4200001,4.7199998,5.0799999,5.6500001,6,6.21
1994,3,4,1,3.5,4.8800001,5.29,5.8200002,6.1599998,6.3800001
1994,3,11,1,3.5,4.9499998,5.3400002,5.8899999,6.25,6.46
1994,3,18,1,3.5,5.0300002,5.4200001,5.9699998,6.3000002,6.4899998
1994,3,25,2,3.6500001,5.0999999,5.52,6.0799999,6.4200001,6.6100001
1994,4,8,0,3.5999999,5.4299998,5.9099998,6.46,6.79,6.9400001
1994,4,15,0,3.6500001,5.5100002,5.9499998,6.5,6.79,6.9699998
1994,4,22,0,3.9200001,5.6199999,6.04,6.5300002,6.73,6.9299998
1994,4,29,0,3.8800001,5.73,6.1599998,6.6399999,6.8800001,7.0500002
1994,5,6,0,4.3000002,6.1199999,6.5,6.9499998,7.1900001,7.3499999
1994,5,13,0,4.3000002,6.0500002,6.4299998,6.8899999,7.1399999,7.29
1994,5,20,0,4.25,5.8000002,6.1399999,6.5900002,6.8200002,7.02
1994,5,27,0,4.3000002,5.9699998,6.3200002,6.73,6.9200001,7.1199999
1994,6,3,0,4.3499999,5.8400002,6.1900001,6.5900002,6.7800002,6.98
1994,6,10,0,4.3400002,5.8499999,6.1700001,6.5999999,6.8200002,7.0300002
1994,6,17,0,4.3000002,5.8800001,6.2399998,6.71,6.9299998,7.1399999
1994,6,24,0,4.3200002,6.0599999,6.3800001,6.8099999,7.0500002,7.2199998
1994,7,1,0,4.5,6.1900001,6.5300002,6.9499998,7.1900001,7.3400002
1994,7,8,0,4.4000001,6.25,6.5900002,7.04,7.27,7.4200001
1994,7,15,0,4.4000001,6.04,6.4099998,6.8400002,7.0599999,7.25
1994,7,22,0,4.4000001,6.1500001,6.4899998,6.9200001,7.0999999,7.29
1994,7,29,0,4.4000001,5.9899998,6.3299999,6.73,6.9200001,7.1199999
1994,8,5,0,4.4499998,6.1799998,6.5500002,6.9299998,7.1100001,7.2800002
1994,8,12,0,4.6399999,6.2199998,6.5700002,6.9400001,7.1199999,7.27
1994,8,19,0,4.7199998,6.23,6.5500002,6.9200001,7.0999999,7.27
1994,8,26,0,4.75,6.21,6.48,6.8699999,7.0700002,7.2399998
1994,9,2,0,4.75,6.1700001,6.4499998,6.8200002,7.0100002,7.21
1994,9,9,0,4.8000002,6.3499999,6.6599998,7.0599999,7.2600002,7.4400001
1994,9,16,0,4.8000002,6.4200001,6.7199998,7.1300001,7.3400002,7.52
1994,9,23,0,4.8499999,6.52,6.8299999,7.1999998,7.4000001,7.5700002
1994,9,30,0,5.1500001,6.6199999,6.9200001,7.2800002,7.46,7.6199999
1994,10,7,0,5.1999998,6.6500001,6.9699998,7.3400002,7.54,7.6999998
1994,10,14,0,5.0500002,6.5700002,6.9099998,7.2600002,7.4499998,7.6100001
1994,10,21,0,5.3000002,6.8000002,7.1100001,7.46,7.6300001,7.8099999
1994,10,28,0,5.3000002,6.8200002,7.0999999,7.48,7.6500001,7.8200002
1994,11,4,0,5.1999998,7.0500002,7.3699999,7.7199998,7.8800001,8.04
1994,11,11,0,5.25,7.0599999,7.4000001,7.6900001,7.8400002,7.98
1994,11,18,0,5.5500002,7.23,7.52,7.79,7.9099998,8.0100002
1994,11,25,0,5.6500001,7.1900001,7.4400001,7.6500001,7.71,7.8000002
1994,12,2,0,5.8000002,7.4400001,7.5900002,7.71,7.77,7.8099999
1994,12,9,0,6,7.5300002,7.6700001,7.7399998,7.77,7.79
1994,12,16,0,6.0999999,7.5900002,7.71,7.7600002,7.8000002,7.8099999
1994,12,23,0,5.9499998,7.7399998,7.8200002,7.8600001,7.8600001,7.8499999
1994,12,30,0,5.75,7.6900001,7.8000002,7.8299999,7.8400002,7.8400002
1995,1,6,0,6.0599999,7.6399999,7.8099999,7.8699999,7.8899999,7.8699999
1995,1,13,0,5.9299998,7.3899999,7.5500002,7.6399999,7.71,7.6900001
1995,1,20,0,5.96,7.5,7.6999998,7.8000002,7.8400002,7.8200002
1995,1,27,0,6.0300002,7.29,7.46,7.5999999,7.6300001,7.6599998
1995,2,3,0,6.02,7.1399999,7.3000002,7.4000001,7.4400001,7.4899998
1995,2,10,0,6.0500002,7.3299999,7.4699998,7.5500002,7.6100001,7.6199999
1995,2,17,0,6.04,7.0700002,7.1999998,7.3299999,7.4099998,7.4299998
1995,2,24,0,5.96,6.8899999,7,7.1599998,7.3000002,7.3299999
1995,3,3,0,5.98,6.8899999,7.0300002,7.1900001,7.29,7.3600001
1995,3,10,0,6.0500002,6.8299999,6.9400001,7.0700002,7.1500001,7.23
1995,3,17,0,6,6.6900001,6.8099999,6.9699998,7.0599999,7.1199999
1995,3,24,0,5.9899998,6.6399999,6.75,6.9299998,7.04,7.0900002
1995,3,31,0,6.04,6.8000002,6.9200001,7.0799999,7.1700001,7.1999998
1995,4,7,0,6,6.6500001,6.7600002,6.9299998,7.0300002,7.1100001
1995,4,14,0,6,6.5100002,6.6399999,6.8200002,6.9099998,7.0300002
1995,4,21,0,5.98,6.4400001,6.5500002,6.77,6.8699999,7.0100002
1995,4,28,0,6.02,6.5999999,6.7199998,6.8800001,6.9499998,7.0700002
1995,5,5,0,5.98,6.1599998,6.27,6.4200001,6.5500002,6.6900001
1995,5,12,0,6.0100002,6.1999998,6.3099999,6.46,6.5500002,6.6700001
1995,5,19,0,5.9299998,6.1900001,6.2800002,6.4299998,6.5,6.6100001
1995,5,26,0,5.9400001,5.9699998,6.0500002,6.1799998,6.2800002,6.4000001
1995,6,2,0,5.5,5.54,5.6399999,5.8000002,5.9200001,6.0999999
1995,6,9,0,5.8499999,6.0100002,6.0799999,6.21,6.3099999,6.4000001
1995,6,16,0,5.8800001,5.77,5.8299999,5.96,6.0900002,6.21
1995,6,23,0,5.75,5.6399999,5.6900001,5.8299999,5.9400001,6.0599999
1995,6,30,0,5.8000002,5.79,5.8800001,5.98,6.1199999,6.21
1995,7,7,0,5.6500001,5.54,5.6100001,5.7399998,5.9400001,6.04
1995,7,14,0,5.5500002,5.6999998,5.7800002,5.8899999,6.0700002,6.1500001
1995,7,21,0,5.6500001,5.9499998,6.1100001,6.2600002,6.4000001,6.5300002
1995,7,28,0,5.6799998,5.9200001,6.0900002,6.2199998,6.4000001,6.4899998
1995,8,4,0,5.6599998,5.9099998,6.0599999,6.1999998,6.3899999,6.5
1995,8,11,0,5.6500001,6.0500002,6.1900001,6.3699999,6.54,6.5900002
1995,8,18,0,5.5999999,6.1300001,6.2399998,6.3600001,6.5100002,6.5700002
1995,8,25,0,5.5999999,5.9000001,6.0100002,6.1300001,6.3000002,6.3800001
1995,9,1,0,5.6500001,5.7800002,5.8899999,6,6.1399999,6.2199998
1995,9,8,0,5.5999999,5.8499999,5.9499998,6.04,6.1700001,6.2399998
1995,9,15,0,5.5500002,5.71,5.8000002,5.9099998,6.0500002,6.1100001
1995,9,22,0,5.6100001,5.8499999,5.9299998,6.0599999,6.1900001,6.25
1995,9,29,0,5.5999999,5.8299999,5.9099998,6.0100002,6.1100001,6.1700001
1995,10,6,0,5.6500001,5.73,5.8099999,5.8899999,6,6.0599999
1995,10,13,0,5.6300001,5.6700001,5.7199998,5.8000002,5.8800001,5.9699998
1995,10,20,0,5.75,5.7199998,5.79,5.9000001,5.9899998,6.04
1995,10,27,0,5.75,5.6399999,5.73,5.8299999,5.9499998,6.0500002
1995,11,3,0,5.5999999,5.4899998,5.5799999,5.6999998,5.8200002,5.9400001
1995,11,10,0,5.7199998,5.52,5.6399999,5.7600002,5.8899999,6
1995,11,17,0,5.6999998,5.46,5.54,5.6599998,5.8099999,5.9200001
1995,11,24,0,5.6500001,5.4899998,5.5599999,5.6999998,5.8400002,5.9099998
1995,12,1,0,5.7199998,5.3200002,5.3699999,5.4899998,5.6300001,5.71
1995,12,8,0,5.5300002,5.3899999,5.4499998,5.5599999,5.6700001,5.73
1995,12,15,0,5.5,5.3600001,5.4099998,5.5500002,5.6599998,5.75
1995,12,22,0,5.4499998,5.2800002,5.3699999,5.5,5.6199999,5.71
1995,12,29,0,5.4699998,5.1799998,5.25,5.3800001,5.4899998,5.5799999
1996,1,5,0,5.4200001,5.1999998,5.29,5.4200001,5.5900002,5.6900001
1996,1,12,0,5.4099998,5.1700001,5.2600002,5.4000001,5.6399999,5.75
1996,1,19,0,5.3000002,5.0300002,5.0999999,5.27,5.4299998,5.54
1996,1,26,0,5.3200002,5.0799999,5.1799998,5.3400002,5.54,5.6500001
1996,2,2,0,5.0500002,4.9000001,5.04,5.2399998,5.4899998,5.6599998
1996,2,9,0,5.1599998,4.8499999,4.98,5.25,5.4899998,5.6599998
1996,2,16,0,5.0700002,4.9000001,5.0100002,5.29,5.5799999,5.7600002
1996,2,23,0,5.02,5.1300001,5.29,5.5300002,5.8200002,5.9699998
1996,3,1,0,5.1300001,5.2600002,5.4000001,5.5999999,5.8600001,5.9899998
1996,3,8,0,5.1300001,5.73,5.8800001,6.0500002,6.2800002,6.4099998
1996,3,15,0,5.1399999,5.8699999,6.0100002,6.1900001,6.4000001,6.46
1996,3,22,0,5.1999998,5.7399998,5.8499999,6.0500002,6.2600002,6.3200002
1996,3,29,0,5.2199998,5.79,5.9099998,6.0999999,6.3000002,6.3400002
1996,4,5,0,5.25,6.0900002,6.2199998,6.4000001,6.5700002,6.5700002
1996,4,12,0,5.25,5.96,6.1199999,6.3099999,6.4899998,6.52
1996,4,19,0,5.23,5.9499998,6.0999999,6.3200002,6.48,6.5300002
1996,4,26,0,5.1999998,5.9200001,6.0799999,6.29,6.4699998,6.54
1996,5,3,0,5.2600002,6.1999998,6.3699999,6.6100001,6.8099999,6.9000001
1996,5,10,0,5.2600002,6.04,6.23,6.4499998,6.6500001,6.75
1996,5,17,0,5.29,6.04,6.1999998,6.4099998,6.5799999,6.6500001
1996,5,24,0,5.23,6.0300002,6.1999998,6.4200001,6.5799999,6.6500001
1996,5,31,0,5.23,6.27,6.4400001,6.6399999,6.7800002,6.8499999
1996,6,7,0,5.3200002,6.4000001,6.5599999,6.75,6.8699999,6.9299998
1996,6,14,0,5.3299999,6.29,6.4899998,6.7199998,6.8699999,6.9499998
1996,6,21,0,5.3600001,6.3499999,6.52,6.7399998,6.8699999,6.96
1996,6,28,0,5.3499999,6.1100001,6.3000002,6.4699998,6.6100001,6.73
1996,7,5,0,5.3099999,6.4400001,6.6199999,6.8200002,6.9499998,7.0599999
1996,7,12,0,5.3600001,6.2600002,6.4499998,6.6500001,6.7600002,6.8499999
1996,7,19,0,5.3499999,6.1799998,6.3499999,6.5500002,6.6700001,6.7800002
1996,7,26,0,5.3499999,6.25,6.4499998,6.6199999,6.7399998,6.8499999
1996,8,2,0,5.3600001,5.9099998,6.0900002,6.2600002,6.3800001,6.5100002
1996,8,9,0,5.2800002,5.9299998,6.0900002,6.25,6.3699999,6.5
1996,8,16,0,5.2800002,5.9499998,6.1300001,6.3099999,6.4299998,6.5599999
1996,8,23,0,5.2800002,6.0900002,6.27,6.48,6.6100001,6.7199998
1996,8,30,0,5.3099999,6.3400002,6.54,6.73,6.8600001,6.96
1996,9,6,0,5.4200001,6.3299999,6.52,6.7199998,6.8400002,6.9400001
1996,9,13,0,5.3800001,6.0999999,6.29,6.48,6.6399999,6.7399998
1996,9,20,0,5.3200002,6.2600002,6.4299998,6.6199999,6.75,6.8499999
1996,9,27,0,5.2199998,6.0700002,6.25,6.4299998,6.5700002,6.6799998
1996,10,4,0,5.3000002,5.8499999,6,6.1999998,6.3600001,6.48
1996,10,11,0,5.3000002,5.9200001,6.0900002,6.29,6.46,6.5500002
1996,10,18,0,5.23,5.8899999,6.0500002,6.25,6.3899999,6.5
1996,10,25,0,5.3000002,5.9000001,6.0700002,6.2600002,6.4200001,6.54
1996,11,1,0,5.3000002,5.79,5.9299998,6.1100001,6.2600002,6.3800001
1996,11,8,0,5.2800002,5.7600002,5.8800001,6.04,6.1599998,6.29
1996,11,15,0,5.3000002,5.6799998,5.79,5.96,6.0900002,6.1900001
1996,11,22,0,5.3000002,5.6900001,5.8000002,5.9400001,6.0500002,6.1500001
1996,11,29,0,5.3000002,5.5900002,5.6999998,5.8400002,5.9699998,6.0599999
1996,12,6,0,5.3400002,5.73,5.8400002,6.02,6.1599998,6.2600002
1996,12,13,0,5.3000002,5.77,5.8899999,6.0599999,6.2199998,6.3299999
1996,12,20,0,5.3499999,5.8299999,5.9499998,6.1199999,6.25,6.3499999
1996,12,27,0,5,5.8099999,5.9299998,6.0900002,6.21,6.3000002
1997,1,3,0,5.2800002,5.9499998,6.1100001,6.2800002,6.4200001,6.52
1997,1,10,0,5.29,6.0599999,6.21,6.4000001,6.52,6.6300001
1997,1,17,0,5.2800002,6,6.1399999,6.3200002,6.46,6.5599999
1997,1,24,0,5.29,6.0700002,6.21,6.3899999,6.5300002,6.6399999
1997,1,31,0,5.3499999,5.9400001,6.0799999,6.2600002,6.4000001,6.5300002
1997,2,7,0,5.2800002,5.8600001,6,6.1700001,6.3200002,6.4299998
1997,2,14,0,5.25,5.79,5.9099998,6.0700002,6.1799998,6.2800002
1997,2,21,0,5.25,5.8499999,5.98,6.1599998,6.27,6.3600001
1997,2,28,0,5.27,6.0900002,6.23,6.3899999,6.5,6.5599999
1997,3,7,0,5.3000002,6.0999999,6.25,6.3899999,6.52,6.5700002
1997,3,14,0,5.3499999,6.1799998,6.3499999,6.5300002,6.6599998,6.71
1997,3,21,0,5.48,6.29,6.46,6.6100001,6.6999998,6.7399998
1997,3,28,0,5.5799999,6.4499998,6.6100001,6.7600002,6.8800001,6.9000001
1997,4,4,0,5.5900002,6.4400001,6.6100001,6.7800002,6.9000001,6.9200001
1997,4,11,0,5.5999999,6.5300002,6.6900001,6.8499999,6.9499998,6.98
1997,4,18,0,5.5900002,6.4200001,6.5700002,6.73,6.8099999,6.8400002
1997,4,25,0,5.5999999,6.54,6.6999998,6.8299999,6.9200001,6.9400001
1997,5,2,0,5.5999999,6.2600002,6.4000001,6.54,6.6300001,6.6799998
1997,5,9,0,5.6199999,6.2399998,6.4000001,6.5100002,6.6199999,6.6700001
1997,5,16,0,5.6100001,6.2800002,6.4099998,6.5500002,6.6399999,6.6999998
1997,5,23,0,5.5799999,6.25,6.4099998,6.5900002,6.6799998,6.7399998
1997,5,30,0,5.5799999,6.2199998,6.3699999,6.5100002,6.6100001,6.6700001
1997,6,6,0,5.5900002,6.1199999,6.25,6.3899999,6.46,6.5100002
1997,6,13,0,5.5500002,6.0300002,6.1799998,6.3000002,6.3899999,6.4299998
1997,6,20,0,5.52,6.02,6.1399999,6.27,6.3699999,6.3699999
1997,6,27,0,5.5500002,6.0300002,6.1999998,6.3499999,6.4299998,6.46
1997,7,4,0,5.48,5.9299998,6.0700002,6.1999998,6.29,6.3099999
1997,7,11,0,5.4699998,5.8899999,6.0100002,6.1300001,6.2199998,6.23
1997,7,18,0,5.4699998,5.9099998,6.02,6.1599998,6.23,6.2399998
1997,7,25,0,5.4699998,5.8699999,5.9699998,6.0799999,6.1599998,6.1799998
1997,8,1,0,5.5100002,5.8899999,5.9899998,6.0799999,6.1700001,6.1999998
1997,8,8,0,5.4499998,6.02,6.1500001,6.23,6.3699999,6.3800001
1997,8,15,0,5.5,5.8699999,6,6.0999999,6.27,6.27
1997,8,22,0,5.48,5.98,6.0900002,6.21,6.3600001,6.3800001
1997,8,29,0,5.5,5.9699998,6.0999999,6.2199998,6.3299999,6.3400002
1997,9,5,0,5.5300002,5.98,6.0900002,6.2399998,6.3600001,6.3699999
1997,9,12,0,5.4899998,5.9299998,6.0300002,6.1700001,6.2800002,6.29
1997,9,19,0,5.48,5.8099999,5.8899999,6.0100002,6.0799999,6.0900002
1997,9,26,0,5.4899998,5.8000002,5.8899999,5.9899998,6.0799999,6.0799999
1997,10,3,0,5.4899998,5.7199998,5.79,5.8899999,6.02,6.0100002
1997,10,10,0,5.5100002,5.8600001,5.9200001,6.0300002,6.1700001,6.1500001
1997,10,17,0,5.5500002,5.9099998,5.98,6.0799999,6.1900001,6.1700001
1997,10,24,0,5.5300002,5.79,5.8600001,5.9400001,6.0500002,6.0100002
1997,10,31,0,5.52,5.6300001,5.6999998,5.7199998,5.8699999,5.8400002
1997,11,7,0,5.5700002,5.71,5.77,5.8099999,5.9200001,5.9000001
1997,11,14,0,5.6300001,5.6999998,5.7399998,5.8000002,5.9000001,5.8600001
1997,11,21,0,5.5999999,5.6799998,5.6999998,5.77,5.8400002,5.8200002
1997,11,28,0,5.6100001,5.7600002,5.8000002,5.8299999,5.8899999,5.8600001
1997,12,5,0,5.6500001,5.8000002,5.8299999,5.8699999,5.9400001,5.9200001
1997,12,12,0,5.6999998,5.6300001,5.6700001,5.71,5.7600002,5.7399998
1997,12,19,0,5.6999998,5.6599998,5.6700001,5.6999998,5.7399998,5.7199998
1997,12,26,0,5.6500001,5.6900001,5.7199998,5.7199998,5.75,5.75
1998,1,2,0,5.5599999,5.5900002,5.6199999,5.6300001,5.6799998,5.6700001
1998,1,9,0,5.4699998,5.1700001,5.1999998,5.2199998,5.3699999,5.4000001
1998,1,16,0,5.4099998,5.3499999,5.3499999,5.4200001,5.5300002,5.54
1998,1,23,0,5.4099998,5.4200001,5.4400001,5.5300002,5.6700001,5.6999998
1998,1,30,0,5.4099998,5.3200002,5.3499999,5.3899999,5.5100002,5.5300002
1998,2,6,0,5.4099998,5.3800001,5.4299998,5.48,5.6100001,5.6199999
1998,2,13,0,5.4499998,5.3600001,5.3600001,5.4400001,5.5300002,5.4899998
1998,2,20,0,5.4400001,5.4099998,5.4099998,5.4899998,5.5799999,5.54
1998,2,27,0,5.48,5.5500002,5.5500002,5.5900002,5.6700001,5.6199999
1998,3,6,0,5.46,5.5799999,5.5900002,5.6500001,5.7800002,5.73
1998,3,13,0,5.4499998,5.5,5.4899998,5.54,5.6500001,5.5799999
1998,3,20,0,5.46,5.52,5.5,5.5599999,5.6399999,5.5700002
1998,3,27,0,5.4499998,5.6300001,5.6599998,5.6700001,5.75,5.6799998
1998,4,3,0,5.4299998,5.4200001,5.4200001,5.4400001,5.54,5.4699998
1998,4,10,0,5.4499998,5.5,5.52,5.5599999,5.6399999,5.5900002
1998,4,17,0,5.4400001,5.54,5.5300002,5.5700002,5.6399999,5.5900002
1998,4,24,0,5.4400001,5.6100001,5.6199999,5.6500001,5.7199998,5.6700001
1998,5,1,0,5.4299998,5.5900002,5.6199999,5.6300001,5.7199998,5.6700001
1998,5,8,0,5.4499998,5.6100001,5.6399999,5.6500001,5.75,5.71
1998,5,15,0,5.5,5.6300001,5.6399999,5.6700001,5.7600002,5.6799998
1998,5,22,0,5.5,5.6300001,5.6300001,5.6500001,5.7199998,5.6399999
1998,5,29,0,5.5,5.5300002,5.54,5.5599999,5.6300001,5.5599999
1998,6,5,0,5.4499998,5.5799999,5.5900002,5.5999999,5.6300001,5.5799999
1998,6,12,0,5.48,5.4299998,5.4299998,5.4299998,5.48,5.4299998
1998,6,19,0,5.5,5.52,5.5,5.52,5.54,5.4699998
1998,6,26,0,5.4899998,5.5100002,5.5300002,5.4899998,5.5300002,5.46
1998,7,3,0,5.4299998,5.4400001,5.46,5.4299998,5.4699998,5.4200001
1998,7,10,0,5.46,5.4099998,5.4200001,5.4000001,5.4699998,5.4200001
1998,7,17,0,5.4699998,5.46,5.48,5.4899998,5.5700002,5.5100002
1998,7,24,0,5.4899998,5.48,5.4699998,5.48,5.52,5.4499998
1998,7,31,0,5.52,5.4899998,5.48,5.52,5.5599999,5.5
1998,8,7,0,5.5,5.3400002,5.3299999,5.3899999,5.4400001,5.4000001
1998,8,14,0,5.5100002,5.3400002,5.3000002,5.3400002,5.4200001,5.4000001
1998,8,21,0,5.48,5.25,5.23,5.2399998,5.3299999,5.3200002
1998,8,28,0,5.52,4.9299998,4.8899999,4.9400001,5.0900002,5.0900002
1998,9,4,0,5.4499998,4.9099998,4.8400002,4.9000001,5.0100002,5.02
1998,9,11,0,5.3499999,4.6799998,4.6500001,4.6500001,4.8099999,4.8499999
1998,9,18,0,5.3000002,4.6100001,4.5599999,4.5,4.6399999,4.6999998
1998,9,25,0,5.1399999,4.4299998,4.4099998,4.4000001,4.5300002,4.5999999
1998,10,2,0,5.0500002,4.1700001,4.1300001,4.0799999,4.23,4.3099999
1998,10,9,0,5.0999999,4.1900001,4.3899999,4.46,4.7800002,4.77
1998,10,16,0,4.8000002,3.8599999,4.04,4.04,4.4099998,4.4400001
1998,10,23,0,4.8000002,4.1999998,4.2399998,4.2800002,4.5999999,4.6999998
1998,10,30,0,4.8000002,4.1199999,4.2399998,4.2399998,4.4699998,4.6399999
1998,11,6,0,5.02,4.5900002,4.6500001,4.5799999,4.9200001,4.9299998
1998,11,13,0,5,4.54,4.5599999,4.5300002,4.7800002,4.8200002
1998,11,20,0,4.8000002,4.6599998,4.6199999,4.5999999,4.77,4.8200002
1998,11,27,0,4.9000001,4.6199999,4.6300001,4.5999999,4.8000002,4.8099999
1998,12,4,0,4.8400002,4.46,4.4299998,4.3800001,4.6100001,4.6199999
1998,12,11,0,4.9000001,4.46,4.4200001,4.3899999,4.5900002,4.6100001
1998,12,18,0,4.8000002,4.4499998,4.4299998,4.3800001,4.5799999,4.5799999
1998,12,25,0,4.8499999,4.7800002,4.7600002,4.7399998,4.8899999,4.8600001
1999,1,1,0,4.6999998,4.54,4.5500002,4.5599999,4.73,4.6500001
1999,1,8,0,4.73,4.71,4.71,4.7199998,4.9200001,4.8600001
1999,1,15,0,4.6999998,4.5599999,4.5500002,4.54,4.7600002,4.6599998
1999,1,22,0,4.6900001,4.5900002,4.5799999,4.54,4.73,4.6399999
1999,1,29,0,4.6999998,4.5799999,4.5700002,4.5500002,4.7199998,4.6599998
1999,2,5,0,4.6999998,4.8000002,4.8499999,4.8800001,5.04,4.9400001
1999,2,12,0,4.7399998,4.9099998,4.9400001,4.96,5.1799998,5.0599999
1999,2,19,0,4.73,4.9499998,4.9699998,4.9899998,5.1900001,5.0700002
1999,2,26,0,4.75,5.1300001,5.1599998,5.21,5.3899999,5.29
1999,3,5,0,4.75,5.1399999,5.21,5.2399998,5.4400001,5.3400002
1999,3,12,0,4.7199998,5,5.0599999,5.0799999,5.3099999,5.1599998
1999,3,19,0,4.71,5.04,5.0500002,5.0700002,5.3099999,5.1700001
1999,3,26,0,4.6999998,4.9899998,5.0500002,5.0999999,5.3499999,5.21
1999,4,2,0,4.6999998,4.96,5.0300002,5.0700002,5.3099999,5.1999998
1999,4,9,0,4.6500001,4.8800001,4.9099998,4.96,5.1700001,5.0500002
1999,4,16,0,4.6300001,5.02,5.0799999,5.1300001,5.3200002,5.23
1999,4,23,0,4.6799998,5.04,5.0900002,5.1500001,5.3400002,5.2600002
1999,4,30,0,4.7199998,5.0799999,5.1700001,5.2399998,5.4200001,5.3600001
1999,5,7,0,4.6599998,5.1900001,5.27,5.4000001,5.5999999,5.54
1999,5,14,0,4.75,5.3000002,5.3800001,5.48,5.71,5.6199999
1999,5,21,0,4.7199998,5.3000002,5.3699999,5.46,5.6700001,5.52
1999,5,28,0,4.75,5.4200001,5.5100002,5.5999999,5.8299999,5.6399999
1999,6,4,0,4.79,5.5599999,5.6399999,5.75,5.9699998,5.8200002
1999,6,11,0,4.7600002,5.6999998,5.7800002,5.9200001,6.1700001,6.02
1999,6,18,0,4.9000001,5.5599999,5.6300001,5.75,5.9499998,5.8400002
1999,6,25,0,4.9899998,5.73,5.8099999,5.9099998,6.1799998,6.02
1999,7,2,0,4.98,5.5799999,5.6500001,5.6999998,5.96,5.8200002
1999,7,9,0,4.9699998,5.6100001,5.6799998,5.7199998,5.9899998,5.8400002
1999,7,16,0,4.9499998,5.5,5.5300002,5.5700002,5.8299999,5.6799998
1999,7,23,0,5,5.5799999,5.6500001,5.7199998,6,5.8400002
1999,7,30,0,5.04,5.6300001,5.6999998,5.8200002,6.0999999,5.9200001
1999,8,6,0,5.0999999,5.6900001,5.79,5.9400001,6.2399998,6.02
1999,8,13,0,5.1999998,5.71,5.8099999,5.8800001,6.21,5.98
1999,8,20,0,5.1799998,5.6500001,5.7199998,5.79,6.0999999,5.8800001
1999,8,27,0,5.23,5.6500001,5.7399998,5.75,6.0500002,5.8499999
1999,9,3,0,5.25,5.6399999,5.7199998,5.7800002,6.1199999,5.8899999
1999,9,10,0,5.25,5.6399999,5.75,5.7800002,6.0999999,5.8899999
1999,9,17,0,5.25,5.6300001,5.7399998,5.7600002,6.0599999,5.8699999
1999,9,24,0,5.3299999,5.6300001,5.6999998,5.7600002,6.0599999,5.8699999
1999,10,1,0,5.3000002,5.73,5.8299999,5.9000001,6.2199998,6
1999,10,8,0,5.2399998,5.8000002,5.8699999,5.9699998,6.27,6.04
1999,10,15,0,5.2800002,5.8200002,5.8899999,5.9899998,6.3299999,6.0900002
1999,10,22,0,5.25,5.96,6.02,6.1300001,6.4299998,6.21
1999,10,29,0,5.3499999,5.79,5.9000001,5.9699998,6.1900001,6.02
1999,11,5,0,5.3899999,5.7199998,5.8000002,5.8800001,6.0700002,5.9200001
1999,11,12,0,5.4000001,5.7800002,5.8200002,5.8499999,6.0599999,5.9299998
1999,11,19,0,5.4200001,5.9200001,5.9699998,6,6.21,6.0700002
1999,11,26,0,5.46,5.9899998,6.0300002,6.0599999,6.25,6.1199999
1999,12,3,0,5.54,5.9899998,6.0300002,6.0799999,6.27,6.1700001
1999,12,10,0,5.5300002,5.9299998,5.9499998,5.98,6.1500001,6.0799999
1999,12,17,0,5.6199999,6.1500001,6.1700001,6.2199998,6.4200001,6.3000002
1999,12,24,0,5.6799998,6.2399998,6.27,6.3299999,6.54,6.4099998
1999,12,31,0,5.5,6.2399998,6.29,6.3600001,6.5500002,6.4499998
2000,1,7,0,5.6700001,6.3099999,6.3499999,6.4200001,6.5799999,6.52
2000,1,14,0,5.6700001,6.4400001,6.4899998,6.5900002,6.71,6.6900001
2000,1,21,0,5.7199998,6.48,6.54,6.6700001,6.8000002,6.79
2000,1,28,0,5.77,6.5799999,6.6199999,6.6799998,6.7199998,6.6599998
2000,2,4,0,5.8000002,6.6300001,6.6399999,6.6399999,6.6799998,6.5300002
2000,2,11,0,5.77,6.6500001,6.73,6.77,6.8099999,6.6300001
2000,2,18,0,5.77,6.6599998,6.71,6.7199998,6.7199998,6.4899998
2000,2,25,0,5.8299999,6.4499998,6.48,6.5,6.6100001,6.3600001
2000,3,3,0,5.8000002,6.5,6.5599999,6.5999999,6.6199999,6.3899999
2000,3,10,0,5.8400002,6.5500002,6.5799999,6.6100001,6.6300001,6.3899999
2000,3,17,0,5.9299998,6.5,6.4899998,6.4499998,6.4299998,6.1999998
2000,3,24,0,5.9299998,6.6399999,6.5900002,6.5100002,6.4899998,6.1999998
2000,3,31,0,6.02,6.5,6.4400001,6.3200002,6.2800002,6.0300002
2000,4,7,0,6.0300002,6.3800001,6.3299999,6.1799998,6.1300001,5.8600001
2000,4,14,0,6.0100002,6.27,6.21,6.1100001,6.1599998,5.8499999
2000,4,21,0,6.0300002,6.3800001,6.3299999,6.2399998,6.25,5.9899998
2000,4,28,0,6.02,6.6799998,6.6399999,6.5599999,6.4899998,6.23
2000,5,5,0,6.2800002,6.8400002,6.8099999,6.77,6.75,6.5100002
2000,5,12,0,6.4299998,6.9099998,6.8600001,6.7600002,6.77,6.5100002
2000,5,19,0,6.4299998,6.8600001,6.8000002,6.71,6.7600002,6.5100002
2000,5,26,0,6.4000001,6.6900001,6.6500001,6.5700002,6.5700002,6.3299999
2000,6,2,0,6.48,6.52,6.48,6.3699999,6.3899999,6.1500001
2000,6,9,0,6.4400001,6.5599999,6.5,6.3600001,6.3600001,6.1300001
2000,6,16,0,6.4299998,6.3800001,6.3200002,6.1900001,6.21,5.9899998
2000,6,23,0,6.4400001,6.5500002,6.4899998,6.3699999,6.4200001,6.1900001
2000,6,30,0,6.4499998,6.3800001,6.3099999,6.1799998,6.25,6.0300002